SampleSiteCode,SamplingArea,CollectionDate,CoverCode,FractionalCover,Note,
001-ER18,RM,6/14/18,PotPul,85,,
001-ER18,RM,6/14/18,Litter,10,,
001-ER18,RM,6/14/18,OF,5,,
002-ER18,RM,6/14/18,LupBak,30,,
002-ER18,RM,6/14/18,Litter,30,,
002-ER18,RM,6/14/18,OF,20,,
002-ER18,RM,6/14/18,ValOcc,10,,
002-ER18,RM,6/14/18,PotPul,10,,
003-ER18,RM,6/14/18,DugHoo,50,,
003-ER18,RM,6/14/18,OF,20,,
003-ER18,RM,6/14/18,Litter,20,,
003-ER18,RM,6/14/18,PotPul,10,,
004-ER18,RM,6/14/18,FraSpe,60,,
004-ER18,RM,6/14/18,DugHoo,15,,
004-ER18,RM,6/14/18,OF,10,,
004-ER18,RM,6/14/18,Litter,10,,
004-ER18,RM,6/14/18,Bare,5,,
005-ER18,RM,6/14/18,DelBar,90,,
005-ER18,RM,6/14/18,Litter,7,,
005-ER18,RM,6/14/18,OF,3,,
006-ER18,RM,6/14/18,LatLan,55,,
006-ER18,RM,6/14/18,HelQui,15,,
006-ER18,RM,6/14/18,PotPul,10,,
006-ER18,RM,6/14/18,OF,10,,
006-ER18,RM,6/14/18,Litter,10,,
007-ER18,RM,6/14/18,Litter,40,,
007-ER18,RM,6/14/18,FesThu,40,,
007-ER18,RM,6/14/18,OF,10,,
007-ER18,RM,6/14/18,OG,5,,
007-ER18,RM,6/14/18,Bare,5,,
008-ER18,RM,6/14/18,LigPor,55,,
008-ER18,RM,6/14/18,OF,30,,
008-ER18,RM,6/14/18,Litter,15,,
009-ER18,RM,6/14/18,VerTen,95,,
009-ER18,RM,6/14/18,OF,5,,
010-ER18,PH,6/15/18,WyeAmp,40,,
010-ER18,PH,6/15/18,Litter,25,,
010-ER18,PH,6/15/18,PotPul,10,,
010-ER18,PH,6/15/18,FesThu,10,,
010-ER18,PH,6/15/18,Bare,10,,
010-ER18,PH,6/15/18,OF,5,,
011-ER18,PH,6/15/18,PotPul,60,,
011-ER18,PH,6/15/18,OF,20,,
011-ER18,PH,6/15/18,Litter,20,,
012-ER18,PH,6/15/18,BroIne,95,,
012-ER18,PH,6/15/18,Litter,5,,
013-ER18,PH,6/15/18,IriMis,25,,
013-ER18,PH,6/15/18,PotPul,15,,
013-ER18,PH,6/15/18,OF,15,,
013-ER18,PH,6/15/18,EriSpe,15,,
013-ER18,PH,6/15/18,LupBak,10,,
013-ER18,PH,6/15/18,Litter,10,,
013-ER18,PH,6/15/18,OG,5,,
013-ER18,PH,6/15/18,Bare,5,,
014-ER18,PH,6/15/18,ArtTri,40,,
014-ER18,PH,6/15/18,Litter,30,,
014-ER18,PH,6/15/18,OF,10,,
014-ER18,PH,6/15/18,FesThu,10,,
014-ER18,PH,6/15/18,EriSpe,10,,
015-ER18,PH,6/15/18,HelQui,60,,
015-ER18,PH,6/15/18,OG,15,,
015-ER18,PH,6/15/18,LupBak,10,,
015-ER18,PH,6/15/18,Litter,10,,
015-ER18,PH,6/15/18,Bare,5,,
016-ER18,PH,6/15/18,OsmOcc,60,,
016-ER18,PH,6/15/18,Litter,15,,
016-ER18,PH,6/15/18,LupBak,10,,
016-ER18,PH,6/15/18,HelQui,10,,
016-ER18,PH,6/15/18,Bare,5,,
017-ER18,PH,6/15/18,LigPor,95,,
017-ER18,PH,6/15/18,Litter,5,,
018-ER18,PH,6/15/18,FraSpe,65,,
018-ER18,PH,6/15/18,OF,10,,
018-ER18,PH,6/15/18,Litter,10,,
018-ER18,PH,6/15/18,EriSpe,10,,
018-ER18,PH,6/15/18,OG,5,,
019-ER18,PH,6/15/18,LupBak,30,,
019-ER18,PH,6/15/18,OF,20,,
019-ER18,PH,6/15/18,Litter,20,,
019-ER18,PH,6/15/18,HelQui,15,,
019-ER18,PH,6/15/18,FesThu,10,,
019-ER18,PH,6/15/18,OG,5,,
020-ER18,MtC,6/27/18,Engelmann,100,,
021-ER18,RM,6/14/18,wolfii,100,,
022-ER18,RM,6/14/18,boothii,100,,
023-ER18,RM,6/14/18,wolfii,100,,
024-ER18,RM,6/14/18,boothii,100,,
025-ER18,RM,6/14/18,PenFlo,100,,
026-ER18,RM,6/14/18,ArtTri,100,,
027-ER18,RM,6/14/18,wolfii,100,,
028-ER18,RM,6/14/18,brachy,100,,
029-ER18,RM,6/14/18,wolfii,100,,
030-ER18,RM,6/14/18,PenFlo,100,,
031-ER18,RM,6/14/18,Engelmann,100,,
032-ER18,RM,6/14/18,Engelmann,100,,
033-ER18,PH,6/15/18,Aspen,100,,
034-ER18,PH,6/15/18,Aspen,100,,
035-ER18,PH,6/15/18,Engelmann,100,,
036-ER18,PH,6/15/18,Engelmann,100,,
037-ER18,PH,6/15/18,Aspen,100,,
038-ER18,PH,6/15/18,Engelmann,100,,
039-ER18,PH,6/15/18,Engelmann,100,,
040-ER18,PH,6/15/18,Engelmann,100,,
041-ER18,PH,6/15/18,Engelmann,100,,
042-ER18,PH,6/15/18,Aspen,100,,
043-ER18,SG,6/16/18,Lodgepole,100,,
044-ER18,PH,6/15/18,VerTen,95,,
044-ER18,PH,6/15/18,Litter,5,,
045-ER18,PH,6/15/18,ValOcc,55,,
045-ER18,PH,6/15/18,OF,20,,
045-ER18,PH,6/15/18,Litter,10,,
045-ER18,PH,6/15/18,Bare,10,,
045-ER18,PH,6/15/18,OG,5,,
046-ER18,PH,6/15/18,VerTen,95,,
046-ER18,PH,6/15/18,Litter,5,,
047-ER18,PH,6/15/18,FesThu,50,,
047-ER18,PH,6/15/18,EriSpe,20,,
047-ER18,PH,6/15/18,Litter,15,,
047-ER18,PH,6/15/18,ValOcc,5,,
047-ER18,PH,6/15/18,PotPul,5,,
047-ER18,PH,6/15/18,OF,5,,
048-ER18,PH,6/15/18,HelQui,40,,
048-ER18,PH,6/15/18,OF,30,,
048-ER18,PH,6/15/18,PotPul,10,,
048-ER18,PH,6/15/18,Litter,10,,
048-ER18,PH,6/15/18,OG,5,,
048-ER18,PH,6/15/18,Bare,5,,
049-ER18,PH,6/15/18,ArtTri,85,,
049-ER18,PH,6/15/18,ValOcc,10,,
049-ER18,PH,6/15/18,Litter,5,,
050-ER18,PH,6/15/18,ArtTri,70,,
050-ER18,PH,6/15/18,OF,15,,
050-ER18,PH,6/15/18,OG,10,,
050-ER18,PH,6/15/18,Litter,5,,
051-ER18,PH,6/15/18,LigPor,50,,
051-ER18,PH,6/15/18,Litter,15,,
051-ER18,PH,6/15/18,OF,10,,
051-ER18,PH,6/15/18,HelQui,10,,
051-ER18,PH,6/15/18,FraVir,10,,
051-ER18,PH,6/15/18,BroIne,5,,
052-ER18,PH,6/15/18,PenFlo,80,,
052-ER18,PH,6/15/18,FesThu,10,,
052-ER18,PH,6/15/18,OF,5,,
052-ER18,PH,6/15/18,Litter,5,,
053-ER18,PH,6/15/18,OsmOcc,80,,
053-ER18,PH,6/15/18,ValOcc,5,,
053-ER18,PH,6/15/18,OG,5,,
053-ER18,PH,6/15/18,Litter,5,,
053-ER18,PH,6/15/18,Bare,5,,
054-ER18,PH,6/15/18,DelBar,40,,
054-ER18,PH,6/15/18,OF,15,,
054-ER18,PH,6/15/18,LigPor,15,,
054-ER18,PH,6/15/18,VerTen,10,,
054-ER18,PH,6/15/18,HerMax,10,,
054-ER18,PH,6/15/18,Litter,5,,
054-ER18,PH,6/15/18,Bare,5,,
055-ER18,PH,6/15/18,boothii,100,,
056-ER18,PH,6/15/18,boothii,100,,
057-ER18,PH,6/15/18,planifolia,100,,
058-ER18,PH,6/15/18,boothii,100,,
059-ER18,PH,6/15/18,DisInv,100,,
060-ER18,PH,6/15/18,PenFlo,100,,
061-ER18,PH,6/15/18,Snowberry,100,,
062-ER18,PH,6/15/18,boothii,100,,
063-ER18,PH,6/15/18,Snowberry,100,,
064-ER18,PH,6/15/18,Snowberry,100,,
065-ER18,SG,6/16/18,VerTen,90,,
065-ER18,SG,6/16/18,Litter,10,,
066-ER18,SG,6/16/18,FesThu,50,,
066-ER18,SG,6/16/18,Litter,20,,
066-ER18,SG,6/16/18,OF,15,,
066-ER18,SG,6/16/18,LigPor,10,,
066-ER18,SG,6/16/18,Bare,5,,
067-ER18,SG,6/16/18,Litter,20,,
067-ER18,SG,6/16/18,LigPor,20,,
067-ER18,SG,6/16/18,DelBar,20,,
067-ER18,SG,6/16/18,OG,15,,
067-ER18,SG,6/16/18,OF,15,,
067-ER18,SG,6/16/18,OsmOcc,10,,
068-ER18,SG,6/16/18,EriSpe,40,,
068-ER18,SG,6/16/18,Litter,25,,
068-ER18,SG,6/16/18,OF,15,,
068-ER18,SG,6/16/18,LigPor,10,,
068-ER18,SG,6/16/18,CarSic,10,,
069-ER18,SG,6/16/18,LatLan,40,,
069-ER18,SG,6/16/18,OF,30,,
069-ER18,SG,6/16/18,Litter,20,,
069-ER18,SG,6/16/18,OG,10,,
070-ER18,SG,6/16/18,HetVil,65,,
070-ER18,SG,6/16/18,OF,15,,
070-ER18,SG,6/16/18,LatLan,10,,
070-ER18,SG,6/16/18,Litter,5,,
070-ER18,SG,6/16/18,Bare,5,,
071-ER18,SG,6/16/18,LigPor,100,,
072-ER18,SG,6/16/18,LigPor,85,,
072-ER18,SG,6/16/18,Bare,15,,
073-ER18,SG,6/16/18,LigPor,30,,
073-ER18,SG,6/16/18,OF,15,,
073-ER18,SG,6/16/18,OsmOcc,10,,
073-ER18,SG,6/16/18,Litter,10,,
073-ER18,SG,6/16/18,HydFen,10,,
073-ER18,SG,6/16/18,HerMax,10,,
073-ER18,SG,6/16/18,EucEng,10,,
073-ER18,SG,6/16/18,OG,5,,
074-ER18,SG,6/16/18,VerTen,60,,
074-ER18,SG,6/16/18,LigPor,40,,
075-ER18,SG,6/16/18,LigPor,30,,
075-ER18,SG,6/16/18,OsmOcc,20,,
075-ER18,SG,6/16/18,OF,20,,
075-ER18,SG,6/16/18,Litter,20,,
075-ER18,SG,6/16/18,HelMul,10,,
076-ER18,SG,6/16/18,Litter,30,,
076-ER18,SG,6/16/18,HelQui,20,,
076-ER18,SG,6/16/18,OF,15,,
076-ER18,SG,6/16/18,EriSpe,15,,
076-ER18,SG,6/16/18,LigPor,10,,
076-ER18,SG,6/16/18,OG,5,,
076-ER18,SG,6/16/18,Bare,5,,
077-ER18,SG,6/16/18,LatLan,30,,
077-ER18,SG,6/16/18,OG,25,,
077-ER18,SG,6/16/18,OF,15,,
077-ER18,SG,6/16/18,Litter,15,,
077-ER18,SG,6/16/18,HelMul,10,,
077-ER18,SG,6/16/18,Bare,5,,
078-ER18,SG,6/16/18,VerTen,35,,
078-ER18,SG,6/16/18,OsmOcc,30,,
078-ER18,SG,6/16/18,LigPor,20,,
078-ER18,SG,6/16/18,OF,15,,
079-ER18,SG,6/16/18,VerTen,100,,
080-ER18,SG,6/16/18,DelBar,70,,
080-ER18,SG,6/16/18,OF,10,,
080-ER18,SG,6/16/18,Litter,10,,
080-ER18,SG,6/16/18,LigPor,10,,
081-ER18,SG,6/16/18,DelBar,60,,
081-ER18,SG,6/16/18,Litter,15,,
081-ER18,SG,6/16/18,OF,10,,
081-ER18,SG,6/16/18,LatLan,10,,
081-ER18,SG,6/16/18,Bare,5,,
082-ER18,SG,6/16/18,Litter,40,,
082-ER18,SG,6/16/18,LatLan,35,,
082-ER18,SG,6/16/18,EriSpe,15,,
082-ER18,SG,6/16/18,OG,5,,
082-ER18,SG,6/16/18,Bare,5,,
083-ER18,SG,6/16/18,LigPor,90,,
083-ER18,SG,6/16/18,OF,10,,
084-ER18,SG,6/16/18,VerTen,75,,
084-ER18,SG,6/16/18,LigPor,15,,
084-ER18,SG,6/16/18,Litter,10,,
085-ER18,SG,6/16/18,Elderberry,100,,
086-ER18,SG,6/16/18,boothii,100,,
087-ER18,SG,6/16/18,Elderberry,100,,
088-ER18,SG,6/16/18,glauca,100,,
089-ER18,SG,6/16/18,boothii,100,,
090-ER18,SG,6/16/18,glauca,100,,
091-ER18,SG,6/16/18,boothii,100,,
092-ER18,SG,6/16/18,boothii,100,,
093-ER18,SG,6/16/18,brachy,100,,
094-ER18,SG,6/16/18,Juniper,100,,
095-ER18,SG,6/16/18,Engelmann,100,,
096-ER18,SG,6/16/18,Engelmann,100,,
097-ER18,SG,6/16/18,Aspen,100,,
098-ER18,SG,6/16/18,Lodgepole,100,,
099-ER18,SG,6/16/18,Lodgepole,100,,
100-ER18,SG,6/16/18,Lodgepole,100,,
101-ER18,SG,6/16/18,Lodgepole,100,,
102-ER18,SG,6/16/18,Aspen,100,,
103-ER18,SG,6/16/18,Aspen,100,,
104-ER18,BD,6/19/18,wolfii,100,,
105-ER18,BD,6/19/18,wolfii,100,,
106-ER18,BD,6/19/18,boothii,100,,
107-ER18,BD,6/19/18,boothii,100,,
108-ER18,BD,6/19/18,boothii,100,,
109-ER18,BD,6/19/18,wolfii,100,,
110-ER18,BD,6/19/18,brachy,100,,
111-ER18,BD,6/19/18,drumm,100,,
112-ER18,BD,6/19/18,PenFlo,100,,
113-ER18,BD,6/19/18,PenFlo,100,,
114-ER18,BD,6/19/18,Engelmann,100,,
115-ER18,BD,6/19/18,Engelmann,100,,
116-ER18,BD,6/19/18,Engelmann,100,,
117-ER18,BD,6/19/18,Engelmann,100,,
118-ER18,BD,6/19/18,Aspen,100,,
119-ER18,BD,6/19/18,Engelmann,100,,
120-ER18,T403,6/19/18,SubFir,100,,
121-ER18,T403,6/19/18,Engelmann,100,,
122-ER18,T403,6/19/18,Aspen,100,,
123-ER18,T403,6/19/18,Aspen,100,,
124-ER18,WGM,6/19/18,Engelmann,100,,
125-ER18,WGM,6/19/18,Engelmann,100,,
126-ER18,WGM,6/19/18,Engelmann,100,,
127-ER18,WGM,6/19/18,SubFir,100,,
128-ER18,WGM,6/19/18,Aspen,100,,
129-ER18,WGM,6/19/18,Aspen,100,,
130-ER18,WGM,6/19/18,Aspen,100,,
131-ER18,WGM,6/19/18,Engelmann,100,,
132-ER18,WGM,6/19/18,Aspen,100,,
133-ER18,WGM,6/19/18,Aspen,100,,
134-ER18,WGM,6/19/18,boothii,100,,
135-ER18,WGM,6/19/18,boothii,100,,
136-ER18,WGM,6/19/18,PenFlo,100,,
137-ER18,WGM,6/19/18,planifolia,100,,
138-ER18,WGM,6/19/18,ArtTri,100,,
139-ER18,WGM,6/19/18,ArtTri,100,,
140-ER18,WGM,6/19/18,boothii,100,,
141-ER18,WGM,6/19/18,planifolia,100,,
142-ER18,WGM,6/19/18,Willow,100,,
143-ER18,WGM,6/19/18,planifolia,100,,
144-ER18,BD,6/20/18,OF,45,,
144-ER18,BD,6/20/18,ThaFen,15,,
144-ER18,BD,6/20/18,PotPul,10,,
144-ER18,BD,6/20/18,LigPor,10,,
144-ER18,BD,6/20/18,EriSpe,10,,
144-ER18,BD,6/20/18,Litter,5,,
144-ER18,BD,6/20/18,Bare,5,,
145-ER18,BD,6/20/18,EriSpe,45,,
145-ER18,BD,6/20/18,OF,25,,
145-ER18,BD,6/20/18,Bare,15,,
145-ER18,BD,6/20/18,PotPul,10,,
145-ER18,BD,6/20/18,Litter,5,,
146-ER18,BD,6/20/18,VerTen,35,,
146-ER18,BD,6/20/18,HerMax,20,,
146-ER18,BD,6/20/18,LigPor,15,,
146-ER18,BD,6/20/18,DelBar,15,,
146-ER18,BD,6/20/18,OF,10,,
146-ER18,BD,6/20/18,HydFen,5,,
147-ER18,BD,6/20/18,VerTen,65,,
147-ER18,BD,6/20/18,LigPor,20,,
147-ER18,BD,6/20/18,OF,10,,
147-ER18,BD,6/20/18,Litter,5,,
148-ER18,BD,6/20/18,PotPul,25,,
148-ER18,BD,6/20/18,EriSpe,25,,
148-ER18,BD,6/20/18,OF,15,,
148-ER18,BD,6/20/18,LatLan,15,,
148-ER18,BD,6/20/18,Litter,10,,
148-ER18,BD,6/20/18,HelQui,10,,
149-ER18,BD,6/20/18,PotPul,55,,
149-ER18,BD,6/20/18,OF,20,,
149-ER18,BD,6/20/18,ThaFen,10,,
149-ER18,BD,6/20/18,LatLan,10,,
149-ER18,BD,6/20/18,Litter,5,,
150-ER18,BD,6/20/18,LigPor,60,,
150-ER18,BD,6/20/18,DelBar,30,,
150-ER18,BD,6/20/18,OF,5,,
150-ER18,BD,6/20/18,Litter,5,,
151-ER18,BD,6/20/18,LigPor,95,,
151-ER18,BD,6/20/18,OF,5,,
152-ER18,BD,6/20/18,PotPul,50,,
152-ER18,BD,6/20/18,EriSpe,20,,
152-ER18,BD,6/20/18,OF,10,,
152-ER18,BD,6/20/18,LatLan,10,,
152-ER18,BD,6/20/18,OG,5,,
152-ER18,BD,6/20/18,Litter,5,,
153-ER18,BD,6/20/18,DelBar,65,,
153-ER18,BD,6/20/18,OF,15,,
153-ER18,BD,6/20/18,HelQui,15,,
153-ER18,BD,6/20/18,Litter,5,,
154-ER18,T403,6/20/18,VerTen,85,,
154-ER18,T403,6/20/18,Fireweed,10,,
154-ER18,T403,6/20/18,OF,5,,
155-ER18,BD,6/20/18,LatLan,75,,
155-ER18,BD,6/20/18,OF,15,,
155-ER18,BD,6/20/18,Litter,10,,
156-ER18,T403,6/20/18,ThaFen,20,,
156-ER18,T403,6/20/18,OF,20,,
156-ER18,T403,6/20/18,Litter,15,,
156-ER18,T403,6/20/18,PotPul,10,,
156-ER18,T403,6/20/18,LinLew,10,,
156-ER18,T403,6/20/18,HelQui,10,,
156-ER18,T403,6/20/18,HelMul,10,,
156-ER18,T403,6/20/18,OG,5,,
157-ER18,T403,6/20/18,FraVir,65,,
157-ER18,T403,6/20/18,ThaFen,10,,
157-ER18,T403,6/20/18,OF,10,,
157-ER18,T403,6/20/18,Litter,10,,
157-ER18,T403,6/20/18,HelQui,5,,
158-ER18,T403,6/20/18,VerTen,50,,
158-ER18,T403,6/20/18,DelBar,35,,
158-ER18,T403,6/20/18,LigPor,10,,
158-ER18,T403,6/20/18,OF,5,,
159-ER18,T403,6/20/18,VerTen,90,,
159-ER18,T403,6/20/18,OF,5,,
159-ER18,T403,6/20/18,Bare,5,,
160-ER18,T403,6/20/18,Fireweed,40,,
160-ER18,T403,6/20/18,OF,20,,
160-ER18,T403,6/20/18,LigPor,20,,
160-ER18,T403,6/20/18,FraSpe,15,,
160-ER18,T403,6/20/18,Litter,5,,
161-ER18,T403,6/20/18,LigPor,60,,
161-ER18,T403,6/20/18,VerTen,15,,
161-ER18,T403,6/20/18,OF,15,,
161-ER18,T403,6/20/18,Litter,5,,
161-ER18,T403,6/20/18,Fireweed,5,,
162-ER18,T403,6/20/18,LigPor,40,,
162-ER18,T403,6/20/18,ThaFen,15,,
162-ER18,T403,6/20/18,OF,15,,
162-ER18,T403,6/20/18,FraVir,10,,
162-ER18,T403,6/20/18,Bare,10,,
162-ER18,T403,6/20/18,Litter,5,,
162-ER18,T403,6/20/18,DelBar,5,,
163-ER18,T403,6/20/18,Fireweed,50,,
163-ER18,T403,6/20/18,VerTen,25,,
163-ER18,T403,6/20/18,OF,20,,
163-ER18,T403,6/20/18,Litter,5,,
164-ER18,WGM,6/20/18,FraSpe,50,,
164-ER18,WGM,6/20/18,OF,20,,
164-ER18,WGM,6/20/18,PotPul,10,,
164-ER18,WGM,6/20/18,LatLan,10,,
164-ER18,WGM,6/20/18,WyeSpp,5,,
164-ER18,WGM,6/20/18,Litter,5,,
165-ER18,WGM,6/20/18,WyeSpp,50,,
165-ER18,WGM,6/20/18,LatLan,20,,
165-ER18,WGM,6/20/18,PotPul,10,,
165-ER18,WGM,6/20/18,OF,10,,
165-ER18,WGM,6/20/18,Litter,10,,
166-ER18,WGM,6/20/18,LatLan,40,,
166-ER18,WGM,6/20/18,PotPul,20,,
166-ER18,WGM,6/20/18,OF,15,,
166-ER18,WGM,6/20/18,Litter,15,,
166-ER18,WGM,6/20/18,WyeSpp,5,,
166-ER18,WGM,6/20/18,HelQui,5,,
167-ER18,WGM,6/20/18,PotPul,60,,
167-ER18,WGM,6/20/18,OF,20,,
167-ER18,WGM,6/20/18,Litter,10,,
167-ER18,WGM,6/20/18,OG,5,,
167-ER18,WGM,6/20/18,Bare,5,,
168-ER18,WGM,6/20/18,VerTen,55,,
168-ER18,WGM,6/20/18,LigPor,20,,
168-ER18,WGM,6/20/18,Litter,10,,
168-ER18,WGM,6/20/18,DelBar,10,,
168-ER18,WGM,6/20/18,OF,5,,
169-ER18,WGM,6/20/18,LigPor,50,,
169-ER18,WGM,6/20/18,VerTen,30,,
169-ER18,WGM,6/20/18,OF,15,,
169-ER18,WGM,6/20/18,OG,5,,
170-ER18,WGM,6/20/18,LatLan,80,,
170-ER18,WGM,6/20/18,OF,10,,
170-ER18,WGM,6/20/18,OG,5,,
170-ER18,WGM,6/20/18,Bare,5,,
171-ER18,WGM,6/20/18,OsmOcc,75,,
171-ER18,WGM,6/20/18,OF,10,,
171-ER18,WGM,6/20/18,Litter,10,,
171-ER18,WGM,6/20/18,LatLan,5,,
172-ER18,WGM,6/20/18,HelQui,50,,
172-ER18,WGM,6/20/18,LatLan,20,,
172-ER18,WGM,6/20/18,OF,15,,
172-ER18,WGM,6/20/18,OG,10,,
172-ER18,WGM,6/20/18,Litter,5,,
173-ER18,WGM,6/20/18,VerTen,80,,
173-ER18,WGM,6/20/18,OF,10,,
173-ER18,WGM,6/20/18,Litter,10,,
174-ER18,WGM,6/20/18,WyeSpp,75,,
174-ER18,WGM,6/20/18,Litter,10,,
174-ER18,WGM,6/20/18,Bare,10,,
174-ER18,WGM,6/20/18,OF,5,,
175-ER18,WGM,6/20/18,WyeSpp,60,,
175-ER18,WGM,6/20/18,OF,10,,
175-ER18,WGM,6/20/18,Litter,10,,
175-ER18,WGM,6/20/18,LigPor,10,,
175-ER18,WGM,6/20/18,EriSpe,10,,
176-ER18,WGM,6/20/18,OsmOcc,85,,
176-ER18,WGM,6/20/18,OF,10,,
176-ER18,WGM,6/20/18,Litter,5,,
177-ER18,UC,6/21/18,Engelmann,100,,
178-ER18,UC,6/21/18,Engelmann,100,,
179-ER18,UC,6/21/18,Engelmann,100,,
180-ER18,WGM,6/20/18,CarSpp,100,,
181-ER18,UC,6/21/18,Engelmann,100,,
182-ER18,WGM,6/20/18,PsyLep,100,,
183-ER18,UC,6/21/18,Engelmann,100,,
184-ER18,UC,6/21/18,Aspen,100,,
185-ER18,UC,6/21/18,Aspen,100,,
186-ER18,UC,6/21/18,Aspen,100,,
187-ER18,UC,6/21/18,Engelmann,100,,
188-ER18,UC,6/21/18,SubFir,100,,
189-ER18,UC,6/21/18,PenFlo,100,,
190-ER18,UC,6/21/18,planifolia,100,,
191-ER18,UC,6/21/18,boothii,100,,
192-ER18,UC,6/21/18,drumm,100,,
193-ER18,UC,6/21/18,planifolia,100,,
194-ER18,UC,6/21/18,planifolia,100,,
195-ER18,UC,6/21/18,planifolia,100,,
196-ER18,UC,6/21/18,PenFlo,100,,
197-ER18,UC,6/21/18,boothii,100,,
198-ER18,UC,6/21/18,PenFlo,100,,
199-ER18,UC,6/21/18,EriSpe,30,,
199-ER18,UC,6/21/18,OF,20,,
199-ER18,UC,6/21/18,LigPor,20,,
199-ER18,UC,6/21/18,Bare,20,,
199-ER18,UC,6/21/18,Litter,10,,
200-ER18,UC,6/21/18,SolSpp,20,,
200-ER18,UC,6/21/18,DugHoo,20,,
200-ER18,UC,6/21/18,OF,15,,
200-ER18,UC,6/21/18,PoaSec,10,,
200-ER18,UC,6/21/18,FraVir,10,,
200-ER18,UC,6/21/18,Bare,10,,
200-ER18,UC,6/21/18,AgrSpp,10,,
200-ER18,UC,6/21/18,Litter,5,,
201-ER18,UC,6/21/18,VacCes,45,,
201-ER18,UC,6/21/18,SolSpp,10,,
201-ER18,UC,6/21/18,OF,10,,
201-ER18,UC,6/21/18,FraVir,10,,
201-ER18,UC,6/21/18,DugHoo,10,,
201-ER18,UC,6/21/18,OG,5,,
201-ER18,UC,6/21/18,Litter,5,,
201-ER18,UC,6/21/18,Bare,5,,
202-ER18,UC,6/21/18,TolInt,50,,
202-ER18,UC,6/21/18,OF,20,,
202-ER18,UC,6/21/18,SolSpp,15,,
202-ER18,UC,6/21/18,Bare,10,,
202-ER18,UC,6/21/18,OG,5,,
203-ER18,UC,6/21/18,RumDen,50,,
203-ER18,UC,6/21/18,CarSpp,30,,
203-ER18,UC,6/21/18,SenTri,10,,
203-ER18,UC,6/21/18,Litter,10,,
204-ER18,UC,6/21/18,PsyLep,60,,
204-ER18,UC,6/21/18,SenTri,30,,
204-ER18,UC,6/21/18,CarSpp,10,,
205-ER18,UC,6/21/18,VerTen,60,,
205-ER18,UC,6/21/18,LigPor,30,,
205-ER18,UC,6/21/18,DugHoo,10,,
206-ER18,UC,6/21/18,LigPor,65,,
206-ER18,UC,6/21/18,OF,15,,
206-ER18,UC,6/21/18,DugHoo,10,,
206-ER18,UC,6/21/18,OG,5,,
206-ER18,UC,6/21/18,Litter,5,,
207-ER18,UC,6/21/18,HelQui,35,,
207-ER18,UC,6/21/18,Litter,20,,
207-ER18,UC,6/21/18,LatLan,15,,
207-ER18,UC,6/21/18,HelMul,15,,
207-ER18,UC,6/21/18,EriSpe,10,,
207-ER18,UC,6/21/18,Bare,5,,
208-ER18,UC,6/21/18,LigPor,70,,
208-ER18,UC,6/21/18,OF,20,,
208-ER18,UC,6/21/18,Litter,5,,
208-ER18,UC,6/21/18,Bare,5,,
209-ER18,UC,6/21/18,VerTen,100,,
210-ER18,UC,6/21/18,PyrCro,25,,
210-ER18,UC,6/21/18,PsyLep,20,,
210-ER18,UC,6/21/18,PedGro,15,,
210-ER18,UC,6/21/18,VerTen,10,,
210-ER18,UC,6/21/18,ValEdu,10,,
210-ER18,UC,6/21/18,OF,10,,
210-ER18,UC,6/21/18,OG,5,,
210-ER18,UC,6/21/18,Litter,5,,
211-ER18,UC,6/21/18,ThaFen,20,,
211-ER18,UC,6/21/18,LigPor,20,,
211-ER18,UC,6/21/18,HelQui,20,,
211-ER18,UC,6/21/18,OF,15,,
211-ER18,UC,6/21/18,CarSpp,10,,
211-ER18,UC,6/21/18,Bare,10,,
211-ER18,UC,6/21/18,OG,5,,
212-ER18,UC,6/21/18,HelMul,45,,
212-ER18,UC,6/21/18,Litter,25,,
212-ER18,UC,6/21/18,GalBor,15,,
212-ER18,UC,6/21/18,LinLew,10,,
212-ER18,UC,6/21/18,Bare,5,,
213-ER18,UC,6/21/18,HelMul,30,,
213-ER18,UC,6/21/18,Litter,20,,
213-ER18,UC,6/21/18,OF,15,,
213-ER18,UC,6/21/18,FesThu,15,,
213-ER18,UC,6/21/18,GalBor,10,,
213-ER18,UC,6/21/18,Bare,10,,
214-ER18,UC,6/21/18,FesThu,55,,
214-ER18,UC,6/21/18,Bare,15,,
214-ER18,UC,6/21/18,HelMul,10,,
214-ER18,UC,6/21/18,EriSpe,10,,
214-ER18,UC,6/21/18,OF,5,,
214-ER18,UC,6/21/18,Litter,5,,
215-ER18,UC,6/21/18,Litter,40,,
215-ER18,UC,6/21/18,FesThu,30,,
215-ER18,UC,6/21/18,LigPor,10,,
215-ER18,UC,6/21/18,GalBor,10,,
215-ER18,UC,6/21/18,EriSpe,10,,
216-ER18,UC,6/21/18,OsmOcc,55,,
216-ER18,UC,6/21/18,Litter,30,,
216-ER18,UC,6/21/18,OF,15,,
217-ER18,UC,6/21/18,Litter,20,,
217-ER18,UC,6/21/18,Bare,20,,
217-ER18,UC,6/21/18,OG,15,,
217-ER18,UC,6/21/18,HelMul,15,,
217-ER18,UC,6/21/18,OF,10,,
217-ER18,UC,6/21/18,LinLew,10,,
217-ER18,UC,6/21/18,LigPor,10,,
218-ER18,UC,6/21/18,LigPor,35,,
218-ER18,UC,6/21/18,Litter,15,,
218-ER18,UC,6/21/18,OF,10,,
218-ER18,UC,6/21/18,LinLew,10,,
218-ER18,UC,6/21/18,LatLan,10,,
218-ER18,UC,6/21/18,FesThu,10,,
218-ER18,UC,6/21/18,EriSpe,10,,
219-ER18,WGU,6/22/18,LigPor,60,,
219-ER18,WGU,6/22/18,HelQui,20,,
219-ER18,WGU,6/22/18,OG,5,,
219-ER18,WGU,6/22/18,OF,5,,
219-ER18,WGU,6/22/18,Litter,5,,
219-ER18,WGU,6/22/18,Bare,5,,
220-ER18,WGU,6/22/18,HelQui,50,,
220-ER18,WGU,6/22/18,BroIne,10,,
220-ER18,WGU,6/22/18,OF,10,,
220-ER18,WGU,6/22/18,Litter,10,,
220-ER18,WGU,6/22/18,EriSpe,10,,
220-ER18,WGU,6/22/18,OG,5,,
220-ER18,WGU,6/22/18,Bare,5,,
221-ER18,WGU,6/22/18,LigPor,20,,
221-ER18,WGU,6/22/18,HelQui,20,,
221-ER18,WGU,6/22/18,FesIda,20,,
221-ER18,WGU,6/22/18,OF,15,,
221-ER18,WGU,6/22/18,Bare,15,,
221-ER18,WGU,6/22/18,Litter,5,,
221-ER18,WGU,6/22/18,DelBar,5,,
222-ER18,WGU,6/22/18,ThaFen,25,,
222-ER18,WGU,6/22/18,HelQui,25,,
222-ER18,WGU,6/22/18,Bare,20,,
222-ER18,WGU,6/22/18,BroIne,10,,
222-ER18,WGU,6/22/18,Litter,10,,
222-ER18,WGU,6/22/18,OG,5,,
222-ER18,WGU,6/22/18,OF,5,,
223-ER18,WGU,6/22/18,DelBar,50,,
223-ER18,WGU,6/22/18,LigPor,35,,
223-ER18,WGU,6/22/18,HelQui,10,,
223-ER18,WGU,6/22/18,Bare,5,,
224-ER18,WGU,6/22/18,LigPor,70,,
224-ER18,WGU,6/22/18,OF,10,,
224-ER18,WGU,6/22/18,HelQui,10,,
224-ER18,WGU,6/22/18,OG,5,,
224-ER18,WGU,6/22/18,Litter,5,,
225-ER18,WGU,6/22/18,LigPor,55,,
225-ER18,WGU,6/22/18,OF,15,,
225-ER18,WGU,6/22/18,ThaFen,10,,
225-ER18,WGU,6/22/18,OG,10,,
225-ER18,WGU,6/22/18,SenSer,5,,
225-ER18,WGU,6/22/18,SenCra,5,,
226-ER18,WGU,6/22/18,LupBak,50,,
226-ER18,WGU,6/22/18,BroIne,10,,
226-ER18,WGU,6/22/18,Litter,10,,
226-ER18,WGU,6/22/18,HelMul,10,,
226-ER18,WGU,6/22/18,DelBar,10,,
226-ER18,WGU,6/22/18,OF,5,,
226-ER18,WGU,6/22/18,Bare,5,,
227-ER18,WGU,6/22/18,ThaFen,45,,
227-ER18,WGU,6/22/18,OG,15,,
227-ER18,WGU,6/22/18,OF,10,,
227-ER18,WGU,6/22/18,Litter,10,,
227-ER18,WGU,6/22/18,HelQui,10,,
227-ER18,WGU,6/22/18,EriSpe,10,,
228-ER18,WGU,6/22/18,OsmOcc,80,,
228-ER18,WGU,6/22/18,ThaFen,10,,
228-ER18,WGU,6/22/18,OG,5,,
228-ER18,WGU,6/22/18,OF,5,,
229-ER18,WGU,6/22/18,HelQui,30,,
229-ER18,WGU,6/22/18,Bare,20,,
229-ER18,WGU,6/22/18,OF,15,,
229-ER18,WGU,6/22/18,PotPul,10,,
229-ER18,WGU,6/22/18,LigPor,10,,
229-ER18,WGU,6/22/18,FesIda,10,,
229-ER18,WGU,6/22/18,OG,5,,
230-ER18,WGU,6/22/18,LigPor,55,,
230-ER18,WGU,6/22/18,EucEng,25,,
230-ER18,WGU,6/22/18,Litter,10,,
230-ER18,WGU,6/22/18,OF,5,,
230-ER18,WGU,6/22/18,Bare,5,,
231-ER18,WGU,6/22/18,LigPor,90,,
231-ER18,WGU,6/22/18,Bare,10,,
232-ER18,WGU,6/22/18,HelMul,30,,
232-ER18,WGU,6/22/18,HelQui,20,,
232-ER18,WGU,6/22/18,BroIne,10,,
232-ER18,WGU,6/22/18,Litter,10,,
232-ER18,WGU,6/22/18,LatLan,10,,
232-ER18,WGU,6/22/18,FesIda,10,,
232-ER18,WGU,6/22/18,Bare,10,,
233-ER18,WGU,6/22/18,ThaFen,40,,
233-ER18,WGU,6/22/18,PoaSec,15,,
233-ER18,WGU,6/22/18,Bare,15,,
233-ER18,WGU,6/22/18,OF,10,,
233-ER18,WGU,6/22/18,HelQui,10,,
233-ER18,WGU,6/22/18,Litter,5,,
233-ER18,WGU,6/22/18,FesIda,5,,
234-ER18,WGU,6/22/18,HelQui,30,,
234-ER18,WGU,6/22/18,Bare,25,,
234-ER18,WGU,6/22/18,OG,20,,
234-ER18,WGU,6/22/18,OF,15,,
234-ER18,WGU,6/22/18,Litter,10,,
235-ER18,WGU,6/22/18,HelMul,40,,
235-ER18,WGU,6/22/18,BroIne,20,,
235-ER18,WGU,6/22/18,Bare,20,,
235-ER18,WGU,6/22/18,OF,10,,
235-ER18,WGU,6/22/18,Litter,10,,
236-ER18,WGU,6/22/18,VerTen,65,,
236-ER18,WGU,6/22/18,DelBar,20,,
236-ER18,WGU,6/22/18,ThaFen,15,,
237-ER18,WGU,6/22/18,MerCil,80,,
237-ER18,WGU,6/22/18,LigPor,10,,
237-ER18,WGU,6/22/18,HerMax,10,,
238-ER18,WGU,6/22/18,CorCas,80,,
238-ER18,WGU,6/22/18,VerTen,15,,
238-ER18,WGU,6/22/18,OF,5,,
239-ER18,WGU,6/22/18,Gooseberry,100,,
240-ER18,WGU,6/22/18,Elderberry,100,,
241-ER18,WGU,6/22/18,LigPor,100,,
242-ER18,WGU,6/22/18,Elderberry,100,,
243-ER18,WGU,6/22/18,glauca,100,,
244-ER18,WGU,6/22/18,CorCas,100,,
245-ER18,WGU,6/22/18,boothii,100,,
246-ER18,WGU,6/22/18,boothii,100,,
247-ER18,WGU,6/22/18,CorCas,100,,
248-ER18,WGU,6/22/18,boothii,100,,
249-ER18,WGU,6/22/18,Aspen,100,,
250-ER18,WGU,6/22/18,Aspen,100,,
251-ER18,WGU,6/22/18,SubFir,100,,
252-ER18,WGU,6/22/18,Engelmann,100,,
253-ER18,WGU,6/22/18,SubFir,100,,
254-ER18,WGU,6/22/18,SubFir,100,,
255-ER18,WGU,6/22/18,Engelmann,100,,
256-ER18,WGU,6/22/18,Aspen,100,,
257-ER18,WGU,6/22/18,Engelmann,100,,
258-ER18,WGU,6/22/18,Engelmann,100,,
259-ER18,RCK,6/23/18,PsyLep,100,,
260-ER18,RCK,6/23/18,SibPro,45,,
260-ER18,RCK,6/23/18,AcoRos,35,,
260-ER18,RCK,6/23/18,OF,15,,
260-ER18,RCK,6/23/18,Bare,5,,
261-ER18,RCK,6/23/18,AcoRos,75,,
261-ER18,RCK,6/23/18,OF,10,,
261-ER18,RCK,6/23/18,DesCes,10,,
261-ER18,RCK,6/23/18,Litter,5,,
262-ER18,RCK,6/23/18,PsyLep,65,,
262-ER18,RCK,6/23/18,TolInt,20,,
262-ER18,RCK,6/23/18,OG,10,,
262-ER18,RCK,6/23/18,OF,5,,
263-ER18,RCK,6/23/18,AcoRos,35,,
263-ER18,RCK,6/23/18,AneNar,25,,
263-ER18,RCK,6/23/18,ValEdu,10,,
263-ER18,RCK,6/23/18,PsyLep,10,,
263-ER18,RCK,6/23/18,OF,10,,
263-ER18,RCK,6/23/18,OG,5,,
263-ER18,RCK,6/23/18,Litter,5,,
264-ER18,RCK,6/23/18,AcoRos,40,,
264-ER18,RCK,6/23/18,ValEdu,25,,
264-ER18,RCK,6/23/18,OF,15,,
264-ER18,RCK,6/23/18,PsyLep,10,,
264-ER18,RCK,6/23/18,Litter,10,,
265-ER18,RCK,6/23/18,PsyLep,45,,
265-ER18,RCK,6/23/18,CleRho,40,,
265-ER18,RCK,6/23/18,OG,5,,
265-ER18,RCK,6/23/18,OF,5,,
265-ER18,RCK,6/23/18,Litter,5,,
266-ER18,RCK,6/23/18,SenTri,65,,
266-ER18,RCK,6/23/18,MerCil,25,,
266-ER18,RCK,6/23/18,Litter,10,,
267-ER18,RCK,6/23/18,DesCes,65,,
267-ER18,RCK,6/23/18,SenCra,10,,
267-ER18,RCK,6/23/18,Litter,10,,
267-ER18,RCK,6/23/18,Bare,10,,
267-ER18,RCK,6/23/18,OF,5,,
268-ER18,RCK,6/23/18,LigPor,30,,
268-ER18,RCK,6/23/18,DugHoo,20,,
268-ER18,RCK,6/23/18,OF,15,,
268-ER18,RCK,6/23/18,LupArg,15,,
268-ER18,RCK,6/23/18,OG,10,,
268-ER18,RCK,6/23/18,Litter,5,,
268-ER18,RCK,6/23/18,Bare,5,,
269-ER18,RCK,6/23/18,TolInt,60,,
269-ER18,RCK,6/23/18,MerCil,15,,
269-ER18,RCK,6/23/18,RumDen,10,,
269-ER18,RCK,6/23/18,LigPor,10,,
269-ER18,RCK,6/23/18,OF,5,,
270-ER18,RCK,6/23/18,ElySpp,70,,
270-ER18,RCK,6/23/18,ValEdu,10,,
270-ER18,RCK,6/23/18,OF,10,,
270-ER18,RCK,6/23/18,Litter,5,,
270-ER18,RCK,6/23/18,Bare,5,,
271-ER18,RCK,6/23/18,VacCes,40,,
271-ER18,RCK,6/23/18,OG,15,,
271-ER18,RCK,6/23/18,SibPro,10,,
271-ER18,RCK,6/23/18,SenCra,10,,
271-ER18,RCK,6/23/18,Litter,10,,
271-ER18,RCK,6/23/18,EryGra,10,,
271-ER18,RCK,6/23/18,Bare,5,,
272-ER18,RCK,6/23/18,VerTen,65,,
272-ER18,RCK,6/23/18,MerCil,30,,
272-ER18,RCK,6/23/18,Litter,5,,
273-ER18,RCK,6/23/18,PsyLep,40,,
273-ER18,RCK,6/23/18,TolInt,25,,
273-ER18,RCK,6/23/18,LigPor,15,,
273-ER18,RCK,6/23/18,ArnPar,10,,
273-ER18,RCK,6/23/18,OF,5,,
273-ER18,RCK,6/23/18,Litter,5,,
274-ER18,RCK,6/23/18,MerCil,65,,
274-ER18,RCK,6/23/18,SenTri,15,,
274-ER18,RCK,6/23/18,LigPor,10,,
274-ER18,RCK,6/23/18,OF,5,,
274-ER18,RCK,6/23/18,Litter,5,,
275-ER18,RCK,6/23/18,OF,25,,
275-ER18,RCK,6/23/18,ArnPar,20,,
275-ER18,RCK,6/23/18,LigPor,15,,
275-ER18,RCK,6/23/18,SenCra,10,,
275-ER18,RCK,6/23/18,OG,10,,
275-ER18,RCK,6/23/18,Litter,10,,
275-ER18,RCK,6/23/18,Bare,10,,
276-ER18,RCK,6/23/18,PsyLep,65,,
276-ER18,RCK,6/23/18,CleRho,10,,
276-ER18,RCK,6/23/18,ArnPar,10,,
276-ER18,RCK,6/23/18,OG,5,,
276-ER18,RCK,6/23/18,OF,5,,
276-ER18,RCK,6/23/18,Moss,5,,not in species list
277-ER18,RCK,6/23/18,TolInt,85,,
277-ER18,RCK,6/23/18,PsyLep,10,,
277-ER18,RCK,6/23/18,OF,5,,
278-ER18,RCK,6/23/18,VerTen,75,,
278-ER18,RCK,6/23/18,MerCil,20,,
278-ER18,RCK,6/23/18,Litter,5,,
279-ER18,RCK,6/23/18,Gooseberry,100,,
280-ER18,RCK,6/23/18,planifolia,100,,
281-ER18,RCK,6/23/18,wolfii,100,,
282-ER18,RCK,6/23/18,SubFir,100,,
283-ER18,RCK,6/23/18,planifolia,100,,
284-ER18,RCK,6/23/18,wolfii,100,,
285-ER18,RCK,6/23/18,CorCas,100,,
286-ER18,RCK,6/23/18,Elderberry,100,,
287-ER18,RCK,6/23/18,CorCas,100,,
288-ER18,RCK,6/23/18,DisInv,100,,
289-ER18,RCK,6/23/18,Engelmann,100,,
290-ER18,RCK,6/23/18,SubFir,100,,
291-ER18,RCK,6/23/18,Engelmann,100,,
292-ER18,RCK,6/23/18,Engelmann,100,,
293-ER18,RCK,6/23/18,Engelmann,100,,
294-ER18,RCK,6/23/18,Engelmann,100,,
295-ER18,RCK,6/23/18,Engelmann,100,,
296-ER18,RCK,6/23/18,Engelmann,100,,
297-ER18,RCK,6/23/18,Engelmann,100,,
298-ER18,RCK,6/23/18,Engelmann,100,,
299-ER18,LS,6/25/18,Lodgepole,100,,
300-ER18,LS,6/25/18,Lodgepole,100,,
301-ER18,LS,6/25/18,Lodgepole,100,,
302-ER18,LS,6/25/18,Engelmann,100,,
303-ER18,LS,6/25/18,Lodgepole,100,,
304-ER18,LS,6/25/18,Lodgepole,100,,
305-ER18,LS,6/25/18,Lodgepole,100,,
306-ER18,LS,6/25/18,Aspen,100,,
307-ER18,LS,6/25/18,Engelmann,100,,
308-ER18,LS,6/25/18,Aspen,100,,
309-ER18,LS,6/25/18,wolfii,100,,
310-ER18,LS,6/25/18,brachy,100,,
311-ER18,LS,6/25/18,Willow,100,,
312-ER18,LS,6/25/18,PenFlo,100,,
313-ER18,LS,6/25/18,boothii,100,,
314-ER18,LS,6/25/18,wolfii,100,,
315-ER18,LS,6/25/18,wolfii,100,,
316-ER18,LS,6/25/18,Willow,100,,
317-ER18,LS,6/25/18,Willow,100,,
318-ER18,LS,6/25/18,wolfii,100,,
319-ER18,PG,6/26/18,Engelmann,100,,
320-ER18,PG,6/26/18,Engelmann,100,,
321-ER18,PG,6/26/18,Aspen,100,,
322-ER18,PG,6/26/18,Aspen,100,,
323-ER18,PG,6/26/18,Engelmann,100,,
324-ER18,RM,6/25/18,SubFir,100,,
325-ER18,RM,6/25/18,SubFir,100,,
326-ER18,RM,6/25/18,Aspen,100,,
327-ER18,RM,6/25/18,Aspen,100,,
328-ER18,PG,6/26/18,Engelmann,100,,
329-ER18,PG,6/26/18,SubFir,100,,
330-ER18,PG,6/26/18,Engelmann,100,,
331-ER18,PG,6/26/18,SubFir,100,,
332-ER18,PG,6/26/18,Aspen,100,,
333-ER18,US,6/28/18,Engelmann,100,,
334-ER18,PG,6/26/18,ArtDra,40,,
334-ER18,PG,6/26/18,HelMul,15,,
334-ER18,PG,6/26/18,PoaCom,10,,
334-ER18,PG,6/26/18,OF,10,,
334-ER18,PG,6/26/18,LatLan,10,,
334-ER18,PG,6/26/18,OG,5,,
334-ER18,PG,6/26/18,Litter,5,,
334-ER18,PG,6/26/18,Bare,5,,
335-ER18,PG,6/26/18,HetVil,30,,
335-ER18,PG,6/26/18,ArtDra,30,,
335-ER18,PG,6/26/18,Bare,15,,
335-ER18,PG,6/26/18,OG,10,,
335-ER18,PG,6/26/18,OF,10,,
335-ER18,PG,6/26/18,Litter,5,,
336-ER18,PG,6/26/18,SymSpp,70,,
336-ER18,PG,6/26/18,SenSer,10,,
336-ER18,PG,6/26/18,Litter,10,,
336-ER18,PG,6/26/18,OG,5,,
336-ER18,PG,6/26/18,OF,5,,
337-ER18,PG,6/26/18,ArtDra,50,,
337-ER18,PG,6/26/18,PoaCom,15,,
337-ER18,PG,6/26/18,EriSpe,10,,
337-ER18,PG,6/26/18,Bare,10,,
337-ER18,PG,6/26/18,OG,5,,
337-ER18,PG,6/26/18,OF,5,,
337-ER18,PG,6/26/18,Litter,5,,
338-ER18,PG,6/26/18,VerTen,60,,
338-ER18,PG,6/26/18,OF,10,,
338-ER18,PG,6/26/18,Litter,10,,
338-ER18,PG,6/26/18,DugHoo,10,,
338-ER18,PG,6/26/18,OG,5,,
338-ER18,PG,6/26/18,Bare,5,,
339-ER18,PG,6/26/18,SymSpp,90,,
339-ER18,PG,6/26/18,OF,5,,
339-ER18,PG,6/26/18,Litter,5,,
340-ER18,PG,6/26/18,OsmOcc,90,,
340-ER18,PG,6/26/18,OF,10,,
341-ER18,PG,6/26/18,LatLan,50,,
341-ER18,PG,6/26/18,HetVil,20,,
341-ER18,PG,6/26/18,OG,10,,
341-ER18,PG,6/26/18,Litter,10,,
341-ER18,PG,6/26/18,DugHoo,10,,
342-ER18,PG,6/26/18,DelBar,80,,
342-ER18,PG,6/26/18,OF,10,,
342-ER18,PG,6/26/18,Bare,10,,
343-ER18,PG,6/26/18,ArtDra,85,,
343-ER18,PG,6/26/18,Litter,10,,
343-ER18,PG,6/26/18,Bare,5,,
344-ER18,PG,6/26/18,AgaUrt,60,,
344-ER18,PG,6/26/18,OG,10,,
344-ER18,PG,6/26/18,OF,10,,
344-ER18,PG,6/26/18,HelMul,10,,
344-ER18,PG,6/26/18,Litter,5,,
344-ER18,PG,6/26/18,Bare,5,,
345-ER18,PG,6/26/18,LigPor,90,,
345-ER18,PG,6/26/18,OF,10,,
346-ER18,PG,6/26/18,AgaUrt,70,,
346-ER18,PG,6/26/18,OG,10,,
346-ER18,PG,6/26/18,EriSpe,10,,
346-ER18,PG,6/26/18,DugHoo,5,,
346-ER18,PG,6/26/18,Bare,5,,
347-ER18,PG,6/26/18,VacCes,50,,
347-ER18,PG,6/26/18,Litter,20,,
347-ER18,PG,6/26/18,VacCes,10,,
347-ER18,PG,6/26/18,OG,10,,
347-ER18,PG,6/26/18,OF,10,,
348-ER18,PG,6/26/18,VerTen,75,,
348-ER18,PG,6/26/18,Litter,10,,
348-ER18,PG,6/26/18,LigPor,10,,
348-ER18,PG,6/26/18,OF,5,,
349-ER18,PG,6/26/18,DelBar,40,,
349-ER18,PG,6/26/18,LigPor,30,,
349-ER18,PG,6/26/18,VerTen,10,,
349-ER18,PG,6/26/18,OF,10,,
349-ER18,PG,6/26/18,Litter,10,,
350-ER18,PG,6/26/18,LatLan,50,,
350-ER18,PG,6/26/18,PotPul,10,,
350-ER18,PG,6/26/18,OG,10,,
350-ER18,PG,6/26/18,OF,10,,
350-ER18,PG,6/26/18,Litter,10,,
350-ER18,PG,6/26/18,DugHoo,10,,
351-ER18,MtC,6/27/18,Engelmann,100,,
352-ER18,MtC,6/27/18,Engelmann,100,,
353-ER18,MtC,6/27/18,Engelmann,100,,
354-ER18,PG,6/26/18,Snowberry,100,,
355-ER18,PG,6/26/18,Snowberry,100,,
356-ER18,PG,6/26/18,Snowberry,100,,
357-ER18,PG,6/26/18,PenFlo,100,,
358-ER18,PG,6/26/18,Elderberry,100,,
359-ER18,PG,6/26/18,Juniper,100,,
360-ER18,PG,6/26/18,Snowberry,100,,
361-ER18,PG,6/26/18,boothii,100,,
362-ER18,PG,6/26/18,Elderberry,100,,
363-ER18,PG,6/26/18,boothii,100,,
364-ER18,MtC,6/27/18,DesCes,35,,
364-ER18,MtC,6/27/18,OG,20,,
364-ER18,MtC,6/27/18,OF,20,,
364-ER18,MtC,6/27/18,GerRic,10,,
364-ER18,MtC,6/27/18,CarSpp,10,,
364-ER18,MtC,6/27/18,Litter,5,,
365-ER18,MtC,6/27/18,VacCes,40,,
365-ER18,MtC,6/27/18,ArnMol,25,,
365-ER18,MtC,6/27/18,SenCra,15,,
365-ER18,MtC,6/27/18,OF,10,,
365-ER18,MtC,6/27/18,Bare,10,,
366-ER18,MtC,6/27/18,LupArg,35,,
366-ER18,MtC,6/27/18,VacCes,20,,
366-ER18,MtC,6/27/18,VacCes,15,,
366-ER18,MtC,6/27/18,OF,10,,
366-ER18,MtC,6/27/18,Litter,10,,
366-ER18,MtC,6/27/18,Bare,10,,
367-ER18,MtC,6/27/18,VacCes,40,,
367-ER18,MtC,6/27/18,OF,15,,
367-ER18,MtC,6/27/18,Litter,10,,
367-ER18,MtC,6/27/18,HetVil,10,,
367-ER18,MtC,6/27/18,DesCes,10,,
367-ER18,MtC,6/27/18,Bare,10,,
367-ER18,MtC,6/27/18,OG,5,,
368-ER18,MtC,6/27/18,LupArg,55,,
368-ER18,MtC,6/27/18,VacCes,20,,
368-ER18,MtC,6/27/18,OF,15,,
368-ER18,MtC,6/27/18,Litter,5,,
368-ER18,MtC,6/27/18,Bare,5,,
369-ER18,MtC,6/27/18,VacCes,20,,
369-ER18,MtC,6/27/18,OF,20,,
369-ER18,MtC,6/27/18,DesCes,20,,
369-ER18,MtC,6/27/18,EriGla,15,,
369-ER18,MtC,6/27/18,ArnMol,10,,
369-ER18,MtC,6/27/18,OG,5,,
369-ER18,MtC,6/27/18,Litter,5,,
369-ER18,MtC,6/27/18,Bare,5,,
370-ER18,MtC,6/27/18,SenCra,25,,
370-ER18,MtC,6/27/18,LigPor,20,,
370-ER18,MtC,6/27/18,Litter,15,,
370-ER18,MtC,6/27/18,GerRic,15,,
370-ER18,MtC,6/27/18,DesCes,15,,
370-ER18,MtC,6/27/18,OG,5,,
370-ER18,MtC,6/27/18,OF,5,,
371-ER18,MtC,6/27/18,BroIne,40,Gram1 - identification from photo by Rick Williams,
371-ER18,MtC,6/27/18,GerRic,20,,
371-ER18,MtC,6/27/18,PoaLep,15,,
371-ER18,MtC,6/27/18,OG,10,,
371-ER18,MtC,6/27/18,OF,10,,
371-ER18,MtC,6/27/18,Litter,5,,
372-ER18,MtC,6/27/18,JunArc,45,,
372-ER18,MtC,6/27/18,Litter,20,,
372-ER18,MtC,6/27/18,Willow,10,,
372-ER18,MtC,6/27/18,OF,10,,
372-ER18,MtC,6/27/18,Bare,10,,
372-ER18,MtC,6/27/18,OG,5,,
373-ER18,MtC,6/27/18,DesCes,50,,
373-ER18,MtC,6/27/18,CarSpp,20,,
373-ER18,MtC,6/27/18,BisBis,15,,
373-ER18,MtC,6/27/18,OG,5,,
373-ER18,MtC,6/27/18,OF,5,,
373-ER18,MtC,6/27/18,Litter,5,,
374-ER18,MtC,6/27/18,DesCes,40,,
374-ER18,MtC,6/27/18,SenCra,15,,
374-ER18,MtC,6/27/18,OF,15,,
374-ER18,MtC,6/27/18,OG,10,,
374-ER18,MtC,6/27/18,ArnMol,10,,
374-ER18,MtC,6/27/18,Litter,5,,
374-ER18,MtC,6/27/18,Bare,5,,
375-ER18,MtC,6/27/18,AneMul,25,,
375-ER18,MtC,6/27/18,OG,15,,
375-ER18,MtC,6/27/18,Willow,10,,
375-ER18,MtC,6/27/18,PsyLep,10,,
375-ER18,MtC,6/27/18,OF,10,,
375-ER18,MtC,6/27/18,Litter,10,,
375-ER18,MtC,6/27/18,EryGra,10,,
375-ER18,MtC,6/27/18,ArnMol,10,,
376-ER18,MtC,6/27/18,JunArc,35,,
376-ER18,MtC,6/27/18,Litter,25,,
376-ER18,MtC,6/27/18,DesCes,20,,
376-ER18,MtC,6/27/18,OG,10,,
376-ER18,MtC,6/27/18,OF,10,,
377-ER18,MtC,6/27/18,PsyLep,85,,
377-ER18,MtC,6/27/18,Bare,10,,
377-ER18,MtC,6/27/18,OF,5,,
378-ER18,MtC,6/27/18,PsyLep,60,,
378-ER18,MtC,6/27/18,OF,10,,
378-ER18,MtC,6/27/18,DesCes,10,,
378-ER18,MtC,6/27/18,ArnMol,10,,
378-ER18,MtC,6/27/18,OG,5,,
378-ER18,MtC,6/27/18,Litter,5,,
379-ER18,MtC,6/27/18,LigPor,20,,
379-ER18,MtC,6/27/18,SenCra,15,,
379-ER18,MtC,6/27/18,OG,15,,
379-ER18,MtC,6/27/18,ArnMol,15,,
379-ER18,MtC,6/27/18,OF,10,,
379-ER18,MtC,6/27/18,Litter,10,,
379-ER18,MtC,6/27/18,JunArc,10,,
379-ER18,MtC,6/27/18,Bare,5,,
380-ER18,MtC,6/27/18,PsyLep,80,,
380-ER18,MtC,6/27/18,AneMul,10,,
380-ER18,MtC,6/27/18,OG,5,,
380-ER18,MtC,6/27/18,Bare,5,,
381-ER18,MtC,6/27/18,MerLan,80,,
381-ER18,MtC,6/27/18,OF,20,,
382-ER18,MtC,6/27/18,TolInt,80,,
382-ER18,MtC,6/27/18,OF,10,,
382-ER18,MtC,6/27/18,MerLan,10,,
383-ER18,MtC,6/27/18,LigPor,45,,
383-ER18,MtC,6/27/18,ArnMol,20,,
383-ER18,MtC,6/27/18,Litter,15,,
383-ER18,MtC,6/27/18,DesCes,15,,
383-ER18,MtC,6/27/18,OF,5,,
384-ER18,MtC,6/27/18,planifolia,100,,
385-ER18,MtC,6/27/18,wolfii,100,,
386-ER18,MtC,6/27/18,Gooseberry,100,,
387-ER18,MtC,6/27/18,PenFlo,100,,
388-ER18,MtC,6/27/18,boothii,100,,
389-ER18,MtC,6/27/18,planifolia,100,,
390-ER18,MtC,6/27/18,wolfii,100,,
391-ER18,MtC,6/27/18,wolfii,100,,
392-ER18,MtC,6/27/18,wolfii,100,,
393-ER18,MtC,6/27/18,wolfii,100,,
394-ER18,MtC,6/27/18,Engelmann,100,,
395-ER18,MtC,6/27/18,Engelmann,100,,
396-ER18,MtC,6/27/18,Engelmann,100,,
397-ER18,MtC,6/27/18,SubFir,100,,
398-ER18,MtC,6/27/18,Engelmann,100,,
399-ER18,MtC,6/27/18,Engelmann,100,,
400-ER18,US,6/28/18,Engelmann,100,,
401-ER18,US,6/28/18,SubFir,100,,
402-ER18,US,6/28/18,Engelmann,100,,
403-ER18,US,6/28/18,Engelmann,100,,
404-ER18,US,6/28/18,AquCoe,45,,
404-ER18,US,6/28/18,OF,15,,
404-ER18,US,6/28/18,OG,10,,
404-ER18,US,6/28/18,Litter,10,,
404-ER18,US,6/28/18,CasSul,10,,
404-ER18,US,6/28/18,Bare,10,,
405-ER18,US,6/28/18,OG,25,,
405-ER18,US,6/28/18,LupBak,25,,
405-ER18,US,6/28/18,CasSul,15,,
405-ER18,US,6/28/18,PotPul,10,,
405-ER18,US,6/28/18,Litter,10,,
405-ER18,US,6/28/18,GerRic,10,,
405-ER18,US,6/28/18,OF,5,,
406-ER18,US,6/28/18,LigPor,90,,
406-ER18,US,6/28/18,OG,5,,
406-ER18,US,6/28/18,OF,5,,
407-ER18,US,6/28/18,LatLan,60,,
407-ER18,US,6/28/18,OF,15,,
407-ER18,US,6/28/18,CarHoo,15,,
407-ER18,US,6/28/18,OG,5,,
407-ER18,US,6/28/18,Litter,5,,
408-ER18,US,6/28/18,GerRic,25,,
408-ER18,US,6/28/18,MerCil,15,,
408-ER18,US,6/28/18,OF,10,,
408-ER18,US,6/28/18,LigPor,10,,
408-ER18,US,6/28/18,ElyLan,10,,
408-ER18,US,6/28/18,CarHoo,10,,
408-ER18,US,6/28/18,Bare,10,,
408-ER18,US,6/28/18,OG,5,,
408-ER18,US,6/28/18,Litter,5,,
409-ER18,US,6/28/18,LigPor,40,,
409-ER18,US,6/28/18,Gooseberry,15,,
409-ER18,US,6/28/18,HerMax,15,,
409-ER18,US,6/28/18,OG,10,,
409-ER18,US,6/28/18,OF,10,,
409-ER18,US,6/28/18,Litter,10,,
410-ER18,US,6/28/18,VerTen,60,,
410-ER18,US,6/28/18,LigPor,20,,
410-ER18,US,6/28/18,MerCil,10,,
410-ER18,US,6/28/18,OG,5,,
410-ER18,US,6/28/18,OF,5,,
411-ER18,US,6/28/18,LupBak,30,,
411-ER18,US,6/28/18,PseMon,10,,
411-ER18,US,6/28/18,OG,10,,
411-ER18,US,6/28/18,OF,10,,
411-ER18,US,6/28/18,Litter,10,,
411-ER18,US,6/28/18,GalBor,10,,
411-ER18,US,6/28/18,CasSul,10,,
411-ER18,US,6/28/18,Bare,10,,
412-ER18,US,6/28/18,LatLan,35,,
412-ER18,US,6/28/18,OF,20,,
412-ER18,US,6/28/18,OG,15,,
412-ER18,US,6/28/18,Litter,15,,
412-ER18,US,6/28/18,LigPor,10,,
412-ER18,US,6/28/18,Bare,5,,
413-ER18,US,6/28/18,VacCes,70,,
413-ER18,US,6/28/18,DugHoo,10,,
413-ER18,US,6/28/18,OG,5,,
413-ER18,US,6/28/18,OF,5,,
413-ER18,US,6/28/18,Litter,5,,
413-ER18,US,6/28/18,Bare,5,,
414-ER18,US,6/28/18,AquCoe,40,,
414-ER18,US,6/28/18,Raspberry,20,,
414-ER18,US,6/28/18,Bare,15,,
414-ER18,US,6/28/18,OsmOcc,10,,
414-ER18,US,6/28/18,OG,5,,
414-ER18,US,6/28/18,OF,5,,
414-ER18,US,6/28/18,Litter,5,,
415-ER18,US,6/28/18,CarSpp,30,,
415-ER18,US,6/28/18,OG,15,,
415-ER18,US,6/28/18,VicAme,10,,
415-ER18,US,6/28/18,SenCra,10,,
415-ER18,US,6/28/18,Litter,10,,
415-ER18,US,6/28/18,GerRic,10,,
415-ER18,US,6/28/18,DugHoo,10,,
415-ER18,US,6/28/18,OF,5,,
416-ER18,US,6/28/18,HerMax,20,,
416-ER18,US,6/28/18,GerRic,20,,
416-ER18,US,6/28/18,ThaFen,15,,
416-ER18,US,6/28/18,OF,15,,
416-ER18,US,6/28/18,SenSer,10,,
416-ER18,US,6/28/18,LigPor,10,,
416-ER18,US,6/28/18,OG,5,,
416-ER18,US,6/28/18,Litter,5,,
417-ER18,US,6/28/18,VacCes,20,,
417-ER18,US,6/28/18,ThaFen,15,,
417-ER18,US,6/28/18,PotPul,15,,
417-ER18,US,6/28/18,OF,15,,
417-ER18,US,6/28/18,CarMic,15,,
417-ER18,US,6/28/18,Litter,10,,
417-ER18,US,6/28/18,OG,5,,
417-ER18,US,6/28/18,Bare,5,,
418-ER18,US,6/28/18,VerTen,85,,
418-ER18,US,6/28/18,OF,10,,
418-ER18,US,6/28/18,Litter,5,,
419-ER18,US,6/28/18,VerTen,90,,
419-ER18,US,6/28/18,MerCil,10,,
420-ER18,US,6/28/18,CarHoo,60,,
420-ER18,US,6/28/18,PotPul,10,,
420-ER18,US,6/28/18,OF,10,,
420-ER18,US,6/28/18,Litter,10,,
420-ER18,US,6/28/18,ElyLan,10,,
421-ER18,US,6/28/18,ArnMol,35,,
421-ER18,US,6/28/18,VacCes,30,,
421-ER18,US,6/28/18,OF,15,,
421-ER18,US,6/28/18,OG,10,,
421-ER18,US,6/28/18,Litter,10,,
422-ER18,US,6/28/18,FraSpe,35,,
422-ER18,US,6/28/18,OG,15,,
422-ER18,US,6/28/18,OF,10,,
422-ER18,US,6/28/18,LupBak,10,,
422-ER18,US,6/28/18,Litter,10,,
422-ER18,US,6/28/18,GerRic,10,,
422-ER18,US,6/28/18,Bare,10,,
423-ER18,US,6/28/18,AquCoe,35,,
423-ER18,US,6/28/18,OF,20,,
423-ER18,US,6/28/18,OG,15,,
423-ER18,US,6/28/18,LigPor,15,,
423-ER18,US,6/28/18,Litter,10,,
423-ER18,US,6/28/18,Bare,5,,
424-ER18,US,6/28/18,PenFlo,100,,
425-ER18,US,6/28/18,planifolia,100,,
426-ER18,US,6/28/18,boothii,100,,
427-ER18,US,6/28/18,Gooseberry,100,,
428-ER18,US,6/28/18,Raspberry,100,,
429-ER18,US,6/28/18,Juniper,100,,
430-ER18,US,6/28/18,SorSco,100,,
431-ER18,US,6/28/18,boothii,100,,
432-ER18,US,6/28/18,DisInv,100,,
433-ER18,US,6/28/18,Gooseberry,100,,
434-ER18,US,6/28/18,Engelmann,100,,
435-ER18,US,6/28/18,SubFir,100,,
436-ER18,US,6/28/18,Aspen,100,,
437-ER18,US,6/28/18,Engelmann,100,,
438-ER18,US,6/28/18,Engelmann,100,,
439-ER18,US,7/23/18,planifolia,100,,
440-ER18,US,7/23/18,Alder,100,,
441-ER18,US,7/23/18,boothii,100,,
442-ER18,US,7/23/18,geyer,100,,
443-ER18,US,7/23/18,geyer,100,,
444-ER18,PH,7/24/18,wolfii,100,,
445-ER18,PH,7/24/18,wolfii,100,,
446-ER18,PH,7/24/18,wolfii,100,,
447-ER18,RW,7/25/18,planifolia,100,,
448-ER18,RW,7/25/18,planifolia,100,,
449-ER18,RW,7/25/18,CarSpp,100,,
450-ER18,RW,7/25/18,planifolia,100,,
451-ER18,RW,7/25/18,planifolia,100,,
452-ER18,RW,7/25/18,CalStr,100,,
453-ER18,RW,7/25/18,CarAqu,100,,
454-ER18,LS,7/19/18,geyer,100,,
455-ER18,LS,7/19/18,geyer,100,,
456-ER18,LS,7/19/18,geyer,100,,
458-ER18,LC,7/27/18,geyer,100,,
459-ER18,LC,7/27/18,geyer,100,,
460-ER18,LC,7/27/18,drumm,100,,
461-ER18,RW,7/25/18,Bog Birch,100,,
462-ER18,RW,7/25/18,engelmann,100,,
463-ER18,LC,7/27/18,wolfii,100,,
465-ER18,LC,7/27/18,geyer,100,,
466-ER18,LC,7/27/18,drumm,100,,
467-ER18,LC,7/27/18,drumm,100,,
469-ER18,LC,7/30/18,boothii,100,,
470-ER18,LC,7/30/18,wolfii,100,,
471-ER18,LC,7/30/18,boothii,100,,
472-ER18,LC,7/30/18,geyer,100,,
474-ER18,GS,7/30/18,Lodgepole,100,,
475-ER18,GS,7/30/18,Lodgepole,100,,
476-ER18,GS,7/30/18,Lodgepole,100,,
477-ER18,GS,7/30/18,Engelmann,100,,
478-ER18,GS,7/30/18,Lodgepole,100,,